month,company,rule_id,rows_checked,failures
2025-09,Lyft,CMP-01,5387601,5368286
2025-09,Lyft,CMP-02,5387601,266
2025-09,Lyft,CMP-03,5387601,0
2025-09,Lyft,VAL-01,5387601,12
2025-09,Lyft,VAL-02,5387601,243
2025-09,Lyft,VAL-03,5387601,0
2025-09,Lyft,CON-01,5387601,0
2025-09,Lyft,CON-02,5387601,100697
2025-09,Lyft,CON-03,5387601,0
2025-09,Lyft,CON-04,5387601,0
2025-09,Lyft,REA-01,5387601,8
2025-09,Lyft,REA-02,5387601,73
2025-09,Lyft,TIM-01,5387601,0
2025-09,Lyft,ANY,5387601,5379420
2025-09,Uber,CMP-01,14047040,0
2025-09,Uber,CMP-02,14047040,556
2025-09,Uber,CMP-03,14047040,515
2025-09,Uber,VAL-01,14047040,1030
2025-09,Uber,VAL-02,14047040,1934
2025-09,Uber,VAL-03,14047040,26
2025-09,Uber,CON-01,14047040,0
2025-09,Uber,CON-02,14047040,147442
2025-09,Uber,CON-03,14047040,667
2025-09,Uber,CON-04,14047040,719
2025-09,Uber,REA-01,14047040,2
2025-09,Uber,REA-02,14047040,313
2025-09,Uber,TIM-01,14047040,0
2025-09,Uber,ANY,14047040,151707
2025-10,Lyft,CMP-01,5838529,5818199
2025-10,Lyft,CMP-02,5838529,242
2025-10,Lyft,CMP-03,5838529,0
2025-10,Lyft,VAL-01,5838529,41
2025-10,Lyft,VAL-02,5838529,261
2025-10,Lyft,VAL-03,5838529,0
2025-10,Lyft,CON-01,5838529,0
2025-10,Lyft,CON-02,5838529,107891
2025-10,Lyft,CON-03,5838529,0
2025-10,Lyft,CON-04,5838529,0
2025-10,Lyft,REA-01,5838529,7
2025-10,Lyft,REA-02,5838529,58
2025-10,Lyft,TIM-01,5838529,0
2025-10,Lyft,ANY,5838529,5829761
2025-10,Uber,CMP-01,15470172,0
2025-10,Uber,CMP-02,15470172,591
2025-10,Uber,CMP-03,15470172,425
2025-10,Uber,VAL-01,15470172,1724
2025-10,Uber,VAL-02,15470172,2002
2025-10,Uber,VAL-03,15470172,63
2025-10,Uber,CON-01,15470172,0
2025-10,Uber,CON-02,15470172,155646
2025-10,Uber,CON-03,15470172,731
2025-10,Uber,CON-04,15470172,739
2025-10,Uber,REA-01,15470172,4
2025-10,Uber,REA-02,15470172,255
2025-10,Uber,TIM-01,15470172,0
2025-10,Uber,ANY,15470172,160241
2025-11,Lyft,CMP-01,5909784,5889854
2025-11,Lyft,CMP-02,5909784,252
2025-11,Lyft,CMP-03,5909784,0
2025-11,Lyft,VAL-01,5909784,32
2025-11,Lyft,VAL-02,5909784,269
2025-11,Lyft,VAL-03,5909784,0
2025-11,Lyft,CON-01,5909784,3635
2025-11,Lyft,CON-02,5909784,101826
2025-11,Lyft,CON-03,5909784,108
2025-11,Lyft,CON-04,5909784,3692
2025-11,Lyft,REA-01,5909784,15
2025-11,Lyft,REA-02,5909784,35
2025-11,Lyft,TIM-01,5909784,0
2025-11,Lyft,ANY,5909784,5901120
2025-11,Uber,CMP-01,14908456,0
2025-11,Uber,CMP-02,14908456,709
2025-11,Uber,CMP-03,14908456,518
2025-11,Uber,VAL-01,14908456,1908
2025-11,Uber,VAL-02,14908456,1815
2025-11,Uber,VAL-03,14908456,1
2025-11,Uber,CON-01,14908456,8569
2025-11,Uber,CON-02,14908456,154498
2025-11,Uber,CON-03,14908456,1052
2025-11,Uber,CON-04,14908456,9352
2025-11,Uber,REA-01,14908456,4
2025-11,Uber,REA-02,14908456,416
2025-11,Uber,TIM-01,14908456,0
2025-11,Uber,ANY,14908456,168281
2025-12,Lyft,CMP-01,6134710,6114386
2025-12,Lyft,CMP-02,6134710,278
2025-12,Lyft,CMP-03,6134710,0
2025-12,Lyft,VAL-01,6134710,42
2025-12,Lyft,VAL-02,6134710,259
2025-12,Lyft,VAL-03,6134710,0
2025-12,Lyft,CON-01,6134710,0
2025-12,Lyft,CON-02,6134710,98532
2025-12,Lyft,CON-03,6134710,0
2025-12,Lyft,CON-04,6134710,0
2025-12,Lyft,REA-01,6134710,6
2025-12,Lyft,REA-02,6134710,80
2025-12,Lyft,TIM-01,6134710,0
2025-12,Lyft,ANY,6134710,6125453
2025-12,Uber,CMP-01,15973728,0
2025-12,Uber,CMP-02,15973728,785
2025-12,Uber,CMP-03,15973728,496
2025-12,Uber,VAL-01,15973728,2978
2025-12,Uber,VAL-02,15973728,2098
2025-12,Uber,VAL-03,15973728,10
2025-12,Uber,CON-01,15973728,0
2025-12,Uber,CON-02,15973728,190624
2025-12,Uber,CON-03,15973728,911
2025-12,Uber,CON-04,15973728,693
2025-12,Uber,REA-01,15973728,5
2025-12,Uber,REA-02,15973728,2394
2025-12,Uber,TIM-01,15973728,0
2025-12,Uber,ANY,15973728,199120
2026-01,Lyft,CMP-01,5694742,5676843
2026-01,Lyft,CMP-02,5694742,314
2026-01,Lyft,CMP-03,5694742,0
2026-01,Lyft,VAL-01,5694742,31
2026-01,Lyft,VAL-02,5694742,258
2026-01,Lyft,VAL-03,5694742,0
2026-01,Lyft,CON-01,5694742,0
2026-01,Lyft,CON-02,5694742,93965
2026-01,Lyft,CON-03,5694742,0
2026-01,Lyft,CON-04,5694742,0
2026-01,Lyft,REA-01,5694742,19
2026-01,Lyft,REA-02,5694742,221
2026-01,Lyft,TIM-01,5694742,0
2026-01,Lyft,ANY,5694742,5687149
2026-01,Uber,CMP-01,15245631,0
2026-01,Uber,CMP-02,15245631,716
2026-01,Uber,CMP-03,15245631,354
2026-01,Uber,VAL-01,15245631,29934
2026-01,Uber,VAL-02,15245631,2524
2026-01,Uber,VAL-03,15245631,56
2026-01,Uber,CON-01,15245631,0
2026-01,Uber,CON-02,15245631,173792
2026-01,Uber,CON-03,15245631,694
2026-01,Uber,CON-04,15245631,1333
2026-01,Uber,REA-01,15245631,10
2026-01,Uber,REA-02,15245631,1946
2026-01,Uber,TIM-01,15245631,0
2026-01,Uber,ANY,15245631,208669
2026-02,Lyft,CMP-01,5708725,5691209
2026-02,Lyft,CMP-02,5708725,325
2026-02,Lyft,CMP-03,5708725,0
2026-02,Lyft,VAL-01,5708725,20
2026-02,Lyft,VAL-02,5708725,205
2026-02,Lyft,VAL-03,5708725,0
2026-02,Lyft,CON-01,5708725,0
2026-02,Lyft,CON-02,5708725,89528
2026-02,Lyft,CON-03,5708725,0
2026-02,Lyft,CON-04,5708725,0
2026-02,Lyft,REA-01,5708725,4
2026-02,Lyft,REA-02,5708725,125
2026-02,Lyft,TIM-01,5708725,0
2026-02,Lyft,ANY,5708725,5701073
2026-02,Uber,CMP-01,14166961,0
2026-02,Uber,CMP-02,14166961,675
2026-02,Uber,CMP-03,14166961,389
2026-02,Uber,VAL-01,14166961,4125
2026-02,Uber,VAL-02,14166961,1815
2026-02,Uber,VAL-03,14166961,3
2026-02,Uber,CON-01,14166961,0
2026-02,Uber,CON-02,14166961,191094
2026-02,Uber,CON-03,14166961,660
2026-02,Uber,CON-04,14166961,631
2026-02,Uber,REA-01,14166961,6
2026-02,Uber,REA-02,14166961,1097
2026-02,Uber,TIM-01,14166961,0
2026-02,Uber,ANY,14166961,198883
2026-03,Lyft,CMP-01,6102183,6079600
2026-03,Lyft,CMP-02,6102183,315
2026-03,Lyft,CMP-03,6102183,0
2026-03,Lyft,VAL-01,6102183,29
2026-03,Lyft,VAL-02,6102183,199
2026-03,Lyft,VAL-03,6102183,0
2026-03,Lyft,CON-01,6102183,0
2026-03,Lyft,CON-02,6102183,98127
2026-03,Lyft,CON-03,6102183,0
2026-03,Lyft,CON-04,6102183,3047
2026-03,Lyft,REA-01,6102183,8
2026-03,Lyft,REA-02,6102183,1025
2026-03,Lyft,TIM-01,6102183,0
2026-03,Lyft,ANY,6102183,6092298
2026-03,Uber,CMP-01,15956175,0
2026-03,Uber,CMP-02,15956175,776
2026-03,Uber,CMP-03,15956175,380
2026-03,Uber,VAL-01,15956175,5640
2026-03,Uber,VAL-02,15956175,2358
2026-03,Uber,VAL-03,15956175,9
2026-03,Uber,CON-01,15956175,0
2026-03,Uber,CON-02,15956175,196681
2026-03,Uber,CON-03,15956175,631
2026-03,Uber,CON-04,15956175,7132
2026-03,Uber,REA-01,15956175,8
2026-03,Uber,REA-02,15956175,2677
2026-03,Uber,TIM-01,15956175,0
2026-03,Uber,ANY,15956175,214467
2026-04,Lyft,CMP-01,5617095,5594175
2026-04,Lyft,CMP-02,5617095,255
2026-04,Lyft,CMP-03,5617095,0
2026-04,Lyft,VAL-01,5617095,10
2026-04,Lyft,VAL-02,5617095,179
2026-04,Lyft,VAL-03,5617095,0
2026-04,Lyft,CON-01,5617095,0
2026-04,Lyft,CON-02,5617095,97470
2026-04,Lyft,CON-03,5617095,0
2026-04,Lyft,CON-04,5617095,0
2026-04,Lyft,REA-01,5617095,3
2026-04,Lyft,REA-02,5617095,40
2026-04,Lyft,TIM-01,5617095,0
2026-04,Lyft,ANY,5617095,5607657
2026-04,Uber,CMP-01,15378858,0
2026-04,Uber,CMP-02,15378858,765
2026-04,Uber,CMP-03,15378858,395
2026-04,Uber,VAL-01,15378858,5426
2026-04,Uber,VAL-02,15378858,1678
2026-04,Uber,VAL-03,15378858,7
2026-04,Uber,CON-01,15378858,0
2026-04,Uber,CON-02,15378858,171488
2026-04,Uber,CON-03,15378858,664
2026-04,Uber,CON-04,15378858,561
2026-04,Uber,REA-01,15378858,13
2026-04,Uber,REA-02,15378858,659
2026-04,Uber,TIM-01,15378858,0
2026-04,Uber,ANY,15378858,179843
2026-05,Lyft,CMP-01,6770928,6744246
2026-05,Lyft,CMP-02,6770928,368
2026-05,Lyft,CMP-03,6770928,0
2026-05,Lyft,VAL-01,6770928,21
2026-05,Lyft,VAL-02,6770928,296
2026-05,Lyft,VAL-03,6770928,0
2026-05,Lyft,CON-01,6770928,0
2026-05,Lyft,CON-02,6770928,88081
2026-05,Lyft,CON-03,6770928,0
2026-05,Lyft,CON-04,6770928,995597
2026-05,Lyft,REA-01,6770928,9
2026-05,Lyft,REA-02,6770928,203
2026-05,Lyft,TIM-01,6770928,0
2026-05,Lyft,ANY,6770928,6764555
2026-05,Uber,CMP-01,15354816,0
2026-05,Uber,CMP-02,15354816,814
2026-05,Uber,CMP-03,15354816,456
2026-05,Uber,VAL-01,15354816,7707
2026-05,Uber,VAL-02,15354816,1989
2026-05,Uber,VAL-03,15354816,6
2026-05,Uber,CON-01,15354816,0
2026-05,Uber,CON-02,15354816,187455
2026-05,Uber,CON-03,15354816,572
2026-05,Uber,CON-04,15354816,519
2026-05,Uber,REA-01,15354816,9
2026-05,Uber,REA-02,15354816,762
2026-05,Uber,TIM-01,15354816,0
2026-05,Uber,ANY,15354816,198352
2026-06,Lyft,CMP-01,5518128,5495740
2026-06,Lyft,CMP-02,5518128,308
2026-06,Lyft,CMP-03,5518128,0
2026-06,Lyft,VAL-01,5518128,28
2026-06,Lyft,VAL-02,5518128,261
2026-06,Lyft,VAL-03,5518128,0
2026-06,Lyft,CON-01,5518128,1
2026-06,Lyft,CON-02,5518128,75664
2026-06,Lyft,CON-03,5518128,0
2026-06,Lyft,CON-04,5518128,578537
2026-06,Lyft,REA-01,5518128,5
2026-06,Lyft,REA-02,5518128,153
2026-06,Lyft,TIM-01,5518128,0
2026-06,Lyft,ANY,5518128,5511246
2026-06,Uber,CMP-01,15257740,0
2026-06,Uber,CMP-02,15257740,933
2026-06,Uber,CMP-03,15257740,506
2026-06,Uber,VAL-01,15257740,6722
2026-06,Uber,VAL-02,15257740,4583
2026-06,Uber,VAL-03,15257740,8
2026-06,Uber,CON-01,15257740,0
2026-06,Uber,CON-02,15257740,185244
2026-06,Uber,CON-03,15257740,579
2026-06,Uber,CON-04,15257740,2957
2026-06,Uber,REA-01,15257740,9
2026-06,Uber,REA-02,15257740,805
2026-06,Uber,TIM-01,15257740,0
2026-06,Uber,ANY,15257740,197970
2026-07,Lyft,CMP-01,5705875,5682699
2026-07,Lyft,CMP-02,5705875,373
2026-07,Lyft,CMP-03,5705875,0
2026-07,Lyft,VAL-01,5705875,25
2026-07,Lyft,VAL-02,5705875,183
2026-07,Lyft,VAL-03,5705875,0
2026-07,Lyft,CON-01,5705875,1
2026-07,Lyft,CON-02,5705875,74498
2026-07,Lyft,CON-03,5705875,0
2026-07,Lyft,CON-04,5705875,621708
2026-07,Lyft,REA-01,5705875,5
2026-07,Lyft,REA-02,5705875,185
2026-07,Lyft,TIM-01,5705875,0
2026-07,Lyft,ANY,5705875,5699362
2026-07,Uber,CMP-01,15215374,0
2026-07,Uber,CMP-02,15215374,872
2026-07,Uber,CMP-03,15215374,630
2026-07,Uber,VAL-01,15215374,4301
2026-07,Uber,VAL-02,15215374,1804
2026-07,Uber,VAL-03,15215374,5
2026-07,Uber,CON-01,15215374,0
2026-07,Uber,CON-02,15215374,172036
2026-07,Uber,CON-03,15215374,498
2026-07,Uber,CON-04,15215374,553
2026-07,Uber,REA-01,15215374,11
2026-07,Uber,REA-02,15215374,979
2026-07,Uber,TIM-01,15215374,0
2026-07,Uber,ANY,15215374,180215
2026-08,Lyft,CMP-01,5693422,5669045
2026-08,Lyft,CMP-02,5693422,346
2026-08,Lyft,CMP-03,5693422,0
2026-08,Lyft,VAL-01,5693422,23
2026-08,Lyft,VAL-02,5693422,187
2026-08,Lyft,VAL-03,5693422,0
2026-08,Lyft,CON-01,5693422,0
2026-08,Lyft,CON-02,5693422,68750
2026-08,Lyft,CON-03,5693422,0
2026-08,Lyft,CON-04,5693422,605419
2026-08,Lyft,REA-01,5693422,7
2026-08,Lyft,REA-02,5693422,192
2026-08,Lyft,TIM-01,5693422,0
2026-08,Lyft,ANY,5693422,5686685
2026-08,Uber,CMP-01,14800058,0
2026-08,Uber,CMP-02,14800058,778
2026-08,Uber,CMP-03,14800058,475
2026-08,Uber,VAL-01,14800058,1119
2026-08,Uber,VAL-02,14800058,2079
2026-08,Uber,VAL-03,14800058,1
2026-08,Uber,CON-01,14800058,0
2026-08,Uber,CON-02,14800058,164805
2026-08,Uber,CON-03,14800058,227
2026-08,Uber,CON-04,14800058,499
2026-08,Uber,REA-01,14800058,15
2026-08,Uber,REA-02,14800058,1395
2026-08,Uber,TIM-01,14800058,0
2026-08,Uber,ANY,14800058,170469
