weekday,hour,company,days,trips,waits_over_10min,waits_measured,fares,driver_pay,tips,wait_p50_s,wait_p90_s
1,0,All,53,959852,156880,957092,23298388.39,18863511.71,821046.55,296,743
1,0,Lyft,53,299585,35737,298510,7227109.12,5757776.31,308881.63,283,652
1,0,Uber,53,660267,121143,658582,16071279.27,13105735.4,512164.92,304,775
1,1,All,53,581745,72096,579780,13580086.66,10987983.73,445709.97,275,655
1,1,Lyft,53,184849,14072,184121,4262077.68,3434203.66,172168.07,262,543
1,1,Uber,53,396896,58024,395659,9318008.98,7553780.07,273541.9,283,696
1,2,All,53,395247,50096,392072,9246036.65,7448749.18,283419.75,288,660
1,2,Lyft,53,125326,9061,124322,2877890.01,2314380.51,112060.74,269,540
1,2,Uber,53,269921,41035,267750,6368146.64,5134368.67,171359.01,299,706
1,3,All,53,341030,47500,326906,9403581.88,7160049.06,342540.51,312,695
1,3,Lyft,53,103954,8100,99239,2810381.03,2134316.39,122319.42,292,564
1,3,Uber,53,237076,39400,227667,6593200.85,5025732.67,220221.09,323,746
1,4,All,53,455987,81650,424563,15560383.56,11020663.55,719942.18,360,782
1,4,Lyft,53,140707,18335,128836,4411514.15,3087567.43,230177.27,354,668
1,4,Uber,53,315280,63315,295727,11148869.41,7933096.12,489764.91,364,834
1,5,All,53,665504,88384,631846,22241285.53,16126067.96,1073426.45,317,684
1,5,Lyft,53,190184,19236,177976,5884128.19,4288797.58,323285.11,322,615
1,5,Uber,53,475320,69148,453870,16357157.34,11837270.38,750141.34,314,716
1,6,All,53,1078318,128372,1042653,32453522.94,24438218.91,1403524.46,299,650
1,6,Lyft,53,305417,26488,294301,8637741.61,6470757.45,418158.42,303,582
1,6,Uber,53,772901,101884,748352,23815781.33,17967461.46,985366.04,297,682
1,7,All,53,1624851,233380,1577255,46227469.01,35326851.99,1856417.12,317,698
1,7,Lyft,53,438998,56002,423104,11751373.18,8775226.4,539295.11,322,657
1,7,Uber,53,1185853,177378,1154151,34476095.83,26551625.59,1317122.01,315,716
1,8,All,53,2007097,233441,1957890,53066600.76,41213053.0,2232172.43,291,642
1,8,Lyft,53,529412,51546,512604,13405687.44,10134269.37,632494.26,298,602
1,8,Uber,53,1477685,181895,1445286,39660913.32,31078783.63,1599678.17,288,658
1,9,All,53,1738061,113393,1693151,44854811.59,34765928.97,2113333.5,235,520
1,9,Lyft,53,473854,19732,457181,11583441.55,9030103.71,605787.85,240,466
1,9,Uber,53,1264207,93661,1235970,33271370.04,25735825.26,1507545.65,233,542
1,10,All,53,1471776,72575,1437073,39805527.09,30401822.3,2036558.87,217,476
1,10,Lyft,53,412573,10449,399501,10418895.39,8210910.37,588584.11,219,411
1,10,Uber,53,1059203,62126,1037572,29386631.7,22190911.93,1447974.76,216,503
1,11,All,53,1381358,66992,1352190,38691295.98,29236672.44,2033220.06,217,475
1,11,Lyft,53,381632,9293,370988,9990850.99,7798105.3,581624.23,219,408
1,11,Uber,53,999726,57699,981202,28700444.99,21438567.14,1451595.83,216,502
1,12,All,53,1396518,76632,1365284,39461806.86,29878348.09,2054737.06,226,493
1,12,Lyft,53,379857,10945,368090,10154209.25,7882145.06,593112.28,227,428
1,12,Uber,53,1016661,65687,997194,29307597.61,21996203.03,1461624.78,225,519
1,13,All,53,1453531,87375,1425240,41256499.34,31380646.97,2096270.17,231,505
1,13,Lyft,53,390258,12452,379879,10514815.32,8172707.96,601952.24,235,440
1,13,Uber,53,1063273,74923,1045361,30741684.02,23207939.01,1494317.93,229,532
1,14,All,53,1594171,115727,1570813,46289104.79,35293423.29,2298636.55,243,538
1,14,Lyft,53,431949,18136,423519,11867588.97,9269134.41,658853.44,248,472
1,14,Uber,53,1162222,97591,1147294,34421515.82,26024288.88,1639783.11,241,565
1,15,All,53,1632641,126257,1614074,48266960.22,37109089.39,2385137.05,243,549
1,15,Lyft,53,430435,20873,424078,12130241.11,9458582.72,678112.05,249,485
1,15,Uber,53,1202206,105384,1189996,36136719.11,27650506.67,1707025.0,241,574
1,16,All,53,1675072,132472,1659204,48292395.53,37675872.4,2365091.22,243,552
1,16,Lyft,53,434154,21456,429330,11940608.17,9326637.12,655308.89,247,485
1,16,Uber,53,1240918,111016,1229874,36351787.36,28349235.28,1709782.33,242,577
1,17,All,53,1838302,157999,1823465,50300177.71,38756650.77,2414585.1,255,569
1,17,Lyft,53,481525,29861,477233,12389749.99,9485252.0,668582.0,261,519
1,17,Uber,53,1356777,128138,1346232,37910427.72,29271398.77,1746003.1,252,589
1,18,All,53,1831824,137741,1821443,46748651.02,35732619.8,2272618.06,244,541
1,18,Lyft,53,482114,24191,478840,11570418.71,8776886.78,635570.66,248,485
1,18,Uber,53,1349710,113550,1342603,35178232.31,26955733.02,1637047.4,242,563
1,19,All,53,1671171,114241,1664137,41581356.48,31976985.87,2015994.88,229,522
1,19,Lyft,53,449775,16281,447256,10496284.5,8229979.14,563486.17,230,441
1,19,Uber,53,1221396,97960,1216881,31085071.98,23747006.73,1452508.71,229,554
1,20,All,53,1588790,126993,1583654,42030041.06,31642067.35,2118028.12,234,551
1,20,Lyft,53,413764,18064,411920,10089399.63,7824238.85,558673.78,232,455
1,20,Uber,53,1175026,108929,1171734,31940641.43,23817828.5,1559354.34,235,584
1,21,All,53,1522036,141265,1517349,41478539.56,30976754.44,2107804.31,246,584
1,21,Lyft,53,394811,20878,393058,9994664.11,7621455.41,565814.08,240,479
1,21,Uber,53,1127225,120387,1124291,31483875.45,23355299.03,1541990.23,249,616
1,22,All,53,1399770,157932,1395756,36536342.18,28300833.89,1720304.49,262,631
1,22,Lyft,53,372491,26862,371039,9376169.89,7272610.47,496634.19,255,529
1,22,Uber,53,1027279,131070,1024717,27160172.29,21028223.42,1223670.3,265,661
1,23,All,53,1162892,147243,1159203,29210515.43,23142235.53,1240624.75,265,662
1,23,Lyft,53,310235,26550,308888,7692944.65,5957768.05,377710.65,259,565
1,23,Uber,53,852657,120693,850315,21517570.78,17184467.48,862914.1,268,691
2,0,All,52,794183,104883,792111,19944238.78,15679084.05,833888.97,264,677
2,0,Lyft,52,228383,22257,227602,5613841.97,4363289.93,259628.93,259,594
2,0,Uber,52,565800,82626,564509,14330396.81,11315794.12,574260.04,266,703
2,1,All,52,457957,47434,456415,10871402.83,8492157.3,421867.61,251,610
2,1,Lyft,52,133481,8545,132926,3114512.16,2429179.64,135813.38,244,505
2,1,Uber,52,324476,38889,323489,7756890.67,6062977.66,286054.23,254,645
2,2,All,52,302911,32034,300354,7002411.84,5513630.6,252026.43,264,615
2,2,Lyft,52,87839,4773,87019,1999149.41,1562757.02,81954.82,250,493
2,2,Uber,52,215072,27261,213335,5003262.43,3950873.58,170071.61,272,655
2,3,All,52,269138,29659,258568,7041720.09,5428463.71,279457.21,286,633
2,3,Lyft,52,79981,4138,76316,2067150.89,1600825.4,90888.23,272,509
2,3,Uber,52,189157,25521,182252,4974569.2,3827638.31,188568.98,293,685
2,4,All,52,397987,48118,371876,12317731.44,9023095.1,606107.16,304,664
2,4,Lyft,52,123825,10052,113683,3534874.3,2635611.02,189650.89,305,579
2,4,Uber,52,274162,38066,258193,8782857.14,6387484.08,416456.27,303,708
2,5,All,52,633934,54516,603282,19319477.78,14293197.79,941793.94,270,579
2,5,Lyft,52,184157,9635,172733,5295153.76,4017521.21,285327.53,275,511
2,5,Uber,52,449777,44881,430549,14024324.02,10275676.58,656466.41,267,610
2,6,All,52,1097839,89540,1062761,30802752.98,23567231.69,1349291.47,262,564
2,6,Lyft,52,316647,16913,305883,8381238.73,6526102.33,396348.83,269,507
2,6,Uber,52,781192,72627,756878,22421514.25,17041129.36,952942.64,259,591
2,7,All,52,1724900,192494,1674734,46958376.91,36042111.64,1996048.26,288,632
2,7,Lyft,52,480922,45411,464145,12235683.27,9542048.92,574496.87,295,597
2,7,Uber,52,1243978,147083,1210589,34722693.64,26500062.72,1421551.39,285,648
2,8,All,52,2127065,204695,2075831,56131183.32,43113192.84,2448128.24,274,598
2,8,Lyft,52,582533,48803,565532,14375296.46,11170142.56,684372.5,286,573
2,8,Uber,52,1544532,155892,1510299,41755886.86,31943050.28,1763755.74,269,608
2,9,All,52,1841868,113703,1794298,48290477.91,37041285.84,2280083.55,234,512
2,9,Lyft,52,511461,22756,494024,12567279.23,9835690.62,649417.99,241,472
2,9,Uber,52,1330407,90947,1300274,35723198.68,27205595.22,1630665.56,231,528
2,10,All,52,1516668,70165,1479272,41614964.79,31535312.94,2122797.43,216,469
2,10,Lyft,52,430757,10289,416504,10930200.97,8655584.01,606819.08,218,408
2,10,Uber,52,1085911,59876,1062768,30684763.82,22879728.93,1515978.35,215,495
2,11,All,52,1410690,64406,1379928,40153840.68,30144030.37,2099872.99,215,466
2,11,Lyft,52,393324,9132,382312,10361898.67,8145069.42,593717.02,216,405
2,11,Uber,52,1017366,55274,997616,29791942.01,21998960.95,1506155.97,214,493
2,12,All,52,1403713,72774,1371875,40264624.12,30214319.57,2085841.44,222,485
2,12,Lyft,52,387783,10610,375950,10359012.71,8090976.28,589828.87,223,422
2,12,Uber,52,1015930,62164,995925,29905611.41,22123343.29,1496012.57,222,511
2,13,All,52,1478744,84336,1449716,42553890.37,32094460.45,2169268.59,227,497
2,13,Lyft,52,398309,11946,387532,10722489.9,8365099.24,609348.89,230,435
2,13,Uber,52,1080435,72390,1062184,31831400.47,23729361.21,1559919.7,226,523
2,14,All,52,1644721,117305,1619492,48029193.63,36686738.53,2408627.3,241,535
2,14,Lyft,52,441767,19425,432639,12124197.05,9565026.43,673199.31,246,476
2,14,Uber,52,1202954,97880,1186853,35904996.58,27121712.1,1735427.99,239,559
2,15,All,52,1681173,128445,1661376,50182451.28,38263635.35,2484208.38,243,547
2,15,Lyft,52,448118,24010,441185,12492798.79,9773310.55,690784.12,249,495
2,15,Uber,52,1233055,104435,1220191,37689652.49,28490324.8,1793424.26,240,566
2,16,All,52,1736855,125552,1719127,50969684.01,39049731.61,2517574.57,240,536
2,16,Lyft,52,462436,23382,457022,12605572.12,9847542.42,690031.43,246,488
2,16,Uber,52,1274419,102170,1262105,38364111.89,29202189.19,1827543.14,237,555
2,17,All,52,1942814,160890,1925863,54819411.44,41574401.37,2657664.55,255,563
2,17,Lyft,52,521826,34760,516971,13484413.84,10383858.97,728950.82,263,529
2,17,Uber,52,1420988,126130,1408892,41334997.6,31190542.4,1928713.73,252,576
2,18,All,52,1973004,144154,1961486,52520274.31,39402687.75,2570664.28,245,538
2,18,Lyft,52,528424,29828,524965,12958254.23,9777562.45,711276.03,252,501
2,18,Uber,52,1444580,114326,1436521,39562020.08,29625125.3,1859388.25,242,553
2,19,All,52,1820701,106791,1813154,47360831.72,35848177.5,2309063.96,225,498
2,19,Lyft,52,496942,16849,494448,11833621.72,9284337.88,637717.16,228,437
2,19,Uber,52,1323759,89942,1318706,35527210.0,26563839.62,1671346.8,224,523
2,20,All,52,1750201,113278,1744299,50485035.64,37095242.36,2641429.78,229,514
2,20,Lyft,52,464884,16101,462794,11884509.45,9230608.89,676918.73,228,438
2,20,Uber,52,1285317,97177,1281505,38600526.19,27864633.47,1964511.05,229,544
2,21,All,52,1715286,152866,1709809,53868340.99,38512735.59,2863139.56,255,577
2,21,Lyft,52,461011,26946,459042,12404547.58,9380779.43,734400.92,250,503
2,21,Uber,52,1254275,125920,1250767,41463793.41,29131956.16,2128738.64,257,602
2,22,All,52,1602443,169080,1597960,47024511.33,34920643.84,2333272.92,268,613
2,22,Lyft,52,442238,31584,440648,11630965.63,8907374.99,651714.08,265,535
2,22,Uber,52,1160205,137496,1157312,35393545.7,26013268.85,1681558.84,270,640
2,23,All,52,1296494,129634,1292887,33673734.91,26098839.76,1506229.89,255,601
2,23,Lyft,52,357115,19868,355880,8860889.44,6875708.31,448874.26,247,491
2,23,Uber,52,939379,109766,937007,24812845.47,19223131.45,1057355.63,259,638
3,0,All,52,890167,85475,888077,21881219.11,17045773.24,927494.12,244,591
3,0,Lyft,52,254658,14744,253891,6040096.09,4696486.69,281530.73,238,484
3,0,Uber,52,635509,70731,634186,15841123.02,12349286.55,645963.39,247,627
3,1,All,52,522807,42362,521230,12142582.16,9452992.6,470396.53,237,556
3,1,Lyft,52,151260,5487,150697,3398646.48,2647979.32,144771.88,229,438
3,1,Uber,52,371547,36875,370533,8743935.68,6805013.28,325624.65,241,599
3,2,All,52,345968,30483,343356,7880251.85,6193283.72,280694.7,251,575
3,2,Lyft,52,98727,3410,97911,2192387.46,1714007.53,87280.61,237,447
3,2,Uber,52,247241,27073,245445,5687864.39,4479276.19,193414.09,258,622
3,3,All,52,300647,30507,289388,7905595.1,6051678.12,314091.38,277,612
3,3,Lyft,52,89226,3797,85603,2298828.42,1768969.82,99392.89,263,484
3,3,Uber,52,211421,26710,203785,5606766.68,4282708.3,214698.49,284,666
3,4,All,52,419425,49461,392107,13205965.26,9587536.07,646415.64,302,656
3,4,Lyft,52,131888,9425,121808,3814903.73,2814379.63,198979.44,300,559
3,4,Uber,52,287537,40036,270299,9391061.53,6773156.44,447436.2,304,705
3,5,All,52,649741,56222,617703,20244849.28,14801927.63,1004116.54,272,581
3,5,Lyft,52,191502,10112,180005,5593092.84,4186927.75,301331.87,280,515
3,5,Uber,52,458239,46110,437698,14651756.44,10614999.88,702784.67,269,612
3,6,All,52,1121192,87477,1085021,31863828.25,24145018.0,1419174.98,264,557
3,6,Lyft,52,326640,16134,315880,8781494.59,6784508.73,420533.57,273,504
3,6,Uber,52,794552,71343,769141,23082333.66,17360509.27,998641.41,260,584
3,7,All,52,1765818,203068,1713049,48944670.8,37104107.62,2109623.68,295,639
3,7,Lyft,52,490552,50011,473541,12749777.63,9768010.64,597012.82,305,611
3,7,Uber,52,1275266,153057,1239508,36194893.17,27336096.98,1512610.86,291,652
3,8,All,52,2184167,223034,2128702,59047629.19,44636849.73,2611154.3,282,611
3,8,Lyft,52,597443,58333,578813,14972470.36,11377688.72,721889.64,297,602
3,8,Uber,52,1586724,164701,1549889,44075158.83,33259161.01,1889264.66,276,615
3,9,All,52,1901464,119638,1851309,50321282.46,38313154.14,2400222.03,238,517
3,9,Lyft,52,533886,25942,515325,13147103.33,10185883.9,680987.46,246,485
3,9,Uber,52,1367578,93696,1335984,37174179.13,28127270.24,1719234.57,235,530
3,10,All,52,1569082,69568,1530498,43466468.73,32792621.41,2220832.32,215,463
3,10,Lyft,52,443531,10226,428912,11344087.92,8912137.16,628381.05,219,409
3,10,Uber,52,1125551,59342,1101586,32122380.81,23880484.25,1592451.27,214,487
3,11,All,52,1466536,63957,1434207,42414890.5,31667338.66,2232493.49,213,461
3,11,Lyft,52,406651,9160,395012,10844034.83,8465097.03,618136.31,216,405
3,11,Uber,52,1059885,54797,1039195,31570855.67,23202241.63,1614357.18,212,485
3,12,All,52,1478485,76513,1444425,43441690.58,32507427.88,2284937.75,222,484
3,12,Lyft,52,405584,11713,392737,11032304.38,8566756.8,636914.23,227,428
3,12,Uber,52,1072901,64800,1051688,32409386.2,23940671.08,1648023.52,220,507
3,13,All,52,1533964,89747,1502975,45716967.25,34315850.95,2368378.63,229,502
3,13,Lyft,52,414723,13582,403306,11523190.46,8947810.01,656932.98,234,444
3,13,Uber,52,1119241,76165,1099669,34193776.79,25368040.94,1711445.65,227,526
3,14,All,52,1686728,117568,1660540,51313093.91,38981100.12,2600529.32,241,531
3,14,Lyft,52,455492,19643,446273,12952039.83,10160694.96,724092.86,246,476
3,14,Uber,52,1231236,97925,1214267,38361054.08,28820405.16,1876436.46,239,554
3,15,All,52,1727896,128275,1707255,53716513.54,40800026.34,2685590.53,241,541
3,15,Lyft,52,456821,23692,450082,13267963.95,10301500.87,735761.92,249,493
3,15,Uber,52,1271075,104583,1257173,40448549.59,30498525.47,1949828.61,238,560
3,16,All,52,1790290,123265,1771376,54733644.29,41902463.9,2731754.53,237,527
3,16,Lyft,52,469821,21971,464273,13364492.61,10372617.13,737316.72,244,479
3,16,Uber,52,1320469,101294,1307103,41369151.68,31529846.77,1994437.81,235,546
3,17,All,52,2011309,172426,1993806,58788714.01,44690261.95,2867352.44,255,570
3,17,Lyft,52,535821,40419,530790,14427119.01,10989412.13,779541.65,267,548
3,17,Uber,52,1475488,132007,1463016,44361595.0,33700849.82,2087810.79,250,578
3,18,All,52,2072834,157784,2060350,57058739.76,42945156.05,2783662.84,248,546
3,18,Lyft,52,546153,34692,542561,13845089.75,10343692.24,768620.73,256,518
3,18,Uber,52,1526681,123092,1517789,43213650.01,32601463.81,2015042.11,245,556
3,19,All,52,1989569,132366,1981047,53262909.09,40176280.23,2569009.85,233,521
3,19,Lyft,52,530491,22573,527814,13121518.84,10061322.2,704162.8,235,462
3,19,Uber,52,1459078,109793,1453233,40141390.25,30114958.03,1864847.05,233,543
3,20,All,52,1913904,136408,1907133,56685028.75,41502812.8,2914846.63,235,532
3,20,Lyft,52,508462,21727,506073,13479594.67,10230096.0,761067.82,233,459
3,20,Uber,52,1405442,114681,1401060,43205434.08,31272716.8,2153778.81,236,558
3,21,All,52,1883107,170248,1877169,59820250.9,42975233.36,3139647.34,255,579
3,21,Lyft,52,499825,29909,497816,13774939.64,10287850.73,807327.83,250,508
3,21,Uber,52,1383282,140339,1379353,46045311.26,32687382.63,2332319.51,257,604
3,22,All,52,1791916,200761,1786758,54689885.2,40355747.9,2716438.77,274,627
3,22,Lyft,52,485289,38727,483534,13243403.11,10011920.67,746797.18,270,556
3,22,Uber,52,1306627,162034,1303224,41446482.09,30343827.23,1969641.59,275,651
3,23,All,52,1481971,158113,1477803,40206539.44,31020987.33,1817164.62,259,617
3,23,Lyft,52,400309,24941,398933,10373547.68,7923631.15,538153.95,253,510
3,23,Uber,52,1081662,133172,1078870,29832991.76,23097356.18,1279010.67,262,653
4,0,All,52,1061065,111223,1058170,27289313.71,21319561.6,1168882.22,248,613
4,0,Lyft,52,296258,18574,295094,7269763.98,5604386.05,342316.5,240,499
4,0,Uber,52,764807,92649,763076,20019549.73,15715175.55,826565.72,253,649
4,1,All,52,656815,64683,654751,16707551.44,12997539.86,647897.61,247,598
4,1,Lyft,52,185402,13729,184689,4478371.91,3441247.66,190829.67,237,525
4,1,Uber,52,471413,50954,470062,12229179.53,9556292.2,457067.94,253,619
4,2,All,52,458673,46990,455412,11500562.07,9154462.95,409691.71,261,608
4,2,Lyft,52,129778,9593,128801,3162855.47,2474465.98,128186.77,250,538
4,2,Uber,52,328895,37397,326611,8337706.6,6679996.97,281504.94,266,630
4,3,All,52,394088,42117,380783,10603709.4,8238603.24,409803.46,280,624
4,3,Lyft,52,114493,6917,110237,3034306.17,2329097.15,129837.46,270,521
4,3,Uber,52,279595,35200,270546,7569403.23,5909506.09,279966.0,285,667
4,4,All,52,494577,61610,463136,15941963.69,11669123.82,754607.88,310,672
4,4,Lyft,52,154328,11754,142735,4648702.39,3425194.97,237808.67,308,570
4,4,Uber,52,340249,49856,320401,11293261.3,8243928.85,516799.21,311,723
4,5,All,52,699555,72582,664547,22874112.94,16723138.9,1103479.66,292,620
4,5,Lyft,52,204887,13724,192509,6305718.12,4660548.53,333962.59,297,548
4,5,Uber,52,494668,58858,472038,16568394.82,12062590.37,769517.07,290,656
4,6,All,52,1147479,107266,1110805,33815770.0,25591978.01,1476341.59,281,593
4,6,Lyft,52,331304,21441,320443,9306006.97,7036203.84,444863.36,285,536
4,6,Uber,52,816175,85825,790362,24509763.03,18555774.17,1031478.23,279,619
4,7,All,52,1763959,211148,1712581,49816278.87,37798616.47,2096161.95,303,647
4,7,Lyft,52,483363,49865,466726,12872185.91,9711951.7,598549.56,310,612
4,7,Uber,52,1280596,161283,1245855,36944092.96,28086664.77,1497612.39,300,664
4,8,All,52,2168480,222578,2115232,59213316.77,44829733.03,2575993.25,284,612
4,8,Lyft,52,588874,55401,570922,14966763.99,11276581.62,714074.09,297,595
4,8,Uber,52,1579606,167177,1544310,44246552.78,33553151.41,1861919.16,279,619
4,9,All,52,1903834,119834,1855365,50631155.06,38792949.07,2387679.17,237,516
4,9,Lyft,52,535980,25856,518226,13391787.19,10403584.48,688676.5,246,486
4,9,Uber,52,1367854,93978,1337139,37239367.87,28389364.59,1699002.67,234,530
4,10,All,52,1605108,72933,1567377,44469984.09,33801761.37,2244734.27,217,466
4,10,Lyft,52,456781,10698,442347,11792173.28,9276074.14,651670.7,219,410
4,10,Uber,52,1148327,62235,1125030,32677810.81,24525687.23,1593063.57,215,492
4,11,All,52,1527626,70186,1495720,44314091.55,33386581.26,2316152.07,217,468
4,11,Lyft,52,426129,10231,414531,11416219.19,8953299.79,651420.52,219,410
4,11,Uber,52,1101497,59955,1081189,32897872.36,24433281.47,1664731.55,216,492
4,12,All,52,1546243,84033,1512990,46248643.34,34779681.03,2444677.02,225,491
4,12,Lyft,52,429245,13526,417172,11933528.71,9297986.85,696156.36,229,436
4,12,Uber,52,1116998,70507,1095818,34315114.63,25481694.18,1748520.66,223,514
4,13,All,52,1623120,100977,1592264,49323103.26,37252821.73,2561353.86,234,512
4,13,Lyft,52,443830,16091,432798,12516675.46,9756268.91,718773.44,239,456
4,13,Uber,52,1179290,84886,1159466,36806427.8,27496552.82,1842580.42,232,536
4,14,All,52,1782110,139948,1755739,55753132.76,42553018.39,2834403.21,250,553
4,14,Lyft,52,483016,25658,474062,14012650.53,10986179.59,788210.81,256,501
4,14,Uber,52,1299094,114290,1281677,41740482.23,31566838.8,2046192.4,247,575
4,15,All,52,1826045,153863,1803895,58721547.28,44985018.38,2936511.51,254,566
4,15,Lyft,52,486113,30720,479030,14469948.19,11233611.42,802296.56,260,522
4,15,Uber,52,1339932,123143,1324865,44251599.09,33751406.96,2134214.95,252,584
4,16,All,52,1904882,155021,1884595,59858908.83,46267192.52,2961726.79,251,559
4,16,Lyft,52,500586,31372,494754,14515287.89,11258280.13,798571.93,259,519
4,16,Uber,52,1404296,123649,1389841,45343620.94,35008912.39,2163154.86,248,575
4,17,All,52,2122697,209464,2103200,64408421.34,49222888.95,3087442.09,271,600
4,17,Lyft,52,559471,49927,554018,15418852.05,11694541.78,831744.13,283,581
4,17,Uber,52,1563226,159537,1549182,48989569.29,37528347.17,2255697.96,266,607
4,18,All,52,2187189,194905,2173587,62795484.38,47336195.3,2979056.56,261,577
4,18,Lyft,52,580746,46344,576817,15113777.18,11235601.65,818989.75,270,557
4,18,Uber,52,1606443,148561,1596770,47681707.2,36100593.65,2160066.81,258,585
4,19,All,52,2118790,150076,2109704,57599672.63,44228050.34,2697995.6,241,530
4,19,Lyft,52,576361,28618,573537,14333071.18,11154348.89,756534.72,243,481
4,19,Uber,52,1542429,121458,1536167,43266601.45,33073701.45,1941460.88,239,550
4,20,All,52,2021050,147029,2013990,59415592.14,44450709.17,2939169.55,237,535
4,20,Lyft,52,541592,24664,539127,14299926.73,11042824.26,788506.3,238,468
4,20,Uber,52,1479458,122365,1474863,45115665.41,33407884.91,2150663.25,237,560
4,21,All,52,1980068,176396,1973734,62409125.84,45723890.85,3182467.71,251,576
4,21,Lyft,52,536228,30806,534176,14835553.48,11256817.26,853692.84,248,498
4,21,Uber,52,1443840,145590,1439558,47573572.36,34467073.59,2328774.87,253,603
4,22,All,52,1943344,228730,1937789,61404882.46,45586167.88,3000768.47,280,640
4,22,Lyft,52,541996,45102,540150,15010343.88,11455874.6,846019.66,275,564
4,22,Uber,52,1401348,183628,1397639,46394538.58,34130293.28,2154748.81,282,667
4,23,All,52,1697312,202223,1692956,49123756.41,37575104.08,2199718.31,277,644
4,23,Lyft,52,474130,37940,472524,12658971.6,9688485.5,658030.54,272,556
4,23,Uber,52,1223182,164283,1220432,36464784.81,27886618.58,1541687.77,279,674
5,0,All,52,1262449,134680,1259744,33850517.6,26345190.7,1462958.09,257,617
5,0,Lyft,52,370052,26778,368993,9341712.89,7261448.48,451195.47,253,527
5,0,Uber,52,892397,107902,890751,24508804.71,19083742.22,1011762.62,259,648
5,1,All,52,810208,67684,808215,20149451.37,15617246.32,800200.16,237,559
5,1,Lyft,52,240453,11977,239730,5709475.74,4460309.75,257237.8,230,461
5,1,Uber,52,569755,55707,568485,14439975.63,11156936.57,542962.36,240,596
5,2,All,52,542889,46251,539652,13172240.53,10280094.16,474904.3,249,567
5,2,Lyft,52,161685,6986,160717,3805676.14,2974562.47,158047.6,235,456
5,2,Uber,52,381204,39265,378935,9366564.39,7305531.69,316856.7,257,608
5,3,All,52,445027,44274,430510,11889078.53,9137455.64,459972.15,275,607
5,3,Lyft,52,133021,5801,128706,3421533.36,2643690.16,147424.28,258,482
5,3,Uber,52,312006,38473,301804,8467545.17,6493765.48,312547.87,284,660
5,4,All,52,532421,70939,498029,17647779.49,12758365.71,834369.69,323,690
5,4,Lyft,52,167798,13627,155560,5091957.9,3687604.14,261573.59,318,580
5,4,Uber,52,364623,57312,342469,12555821.59,9070761.57,572796.1,326,747
5,5,All,52,709135,81262,672971,24009351.52,17424047.76,1152935.21,308,644
5,5,Lyft,52,208918,16758,196165,6505685.25,4758326.06,341109.9,313,576
5,5,Uber,52,500217,64504,476806,17503666.27,12665721.7,811825.31,306,677
5,6,All,52,1125711,114789,1089923,33737672.83,25521371.43,1462806.27,290,612
5,6,Lyft,52,325223,23200,314886,9121424.23,6877430.0,430018.16,294,551
5,6,Uber,52,800488,91589,775037,24616248.6,18643941.43,1032788.11,288,641
5,7,All,52,1708895,216058,1661079,47314049.95,36526882.31,1904050.71,307,661
5,7,Lyft,52,473148,50201,457622,12350463.57,9380313.46,566396.37,310,618
5,7,Uber,52,1235747,165857,1203457,34963586.38,27146568.85,1337654.34,306,680
5,8,All,52,2078255,194442,2029006,53266844.28,41468037.96,2234887.81,272,591
5,8,Lyft,52,578876,39853,562355,14053030.53,10876198.07,654719.98,278,541
5,8,Uber,52,1499379,154589,1466651,39213813.75,30591839.89,1580167.83,269,613
5,9,All,52,1839624,97363,1795048,47109079.25,36596515.29,2189638.17,226,486
5,9,Lyft,52,526491,16436,510085,12799398.55,10099148.06,653749.4,232,438
5,9,Uber,52,1313133,80927,1284963,34309680.7,26497367.23,1535888.77,224,508
5,10,All,52,1625048,71734,1590824,43800129.37,33765137.55,2211479.69,216,462
5,10,Lyft,52,461972,9600,449025,11760686.63,9286795.37,655376.62,219,403
5,10,Uber,52,1163076,62134,1141799,32039442.74,24478342.18,1556103.07,215,488
5,11,All,52,1580113,81770,1551587,44356663.5,34049901.17,2275306.78,224,483
5,11,Lyft,52,440885,11313,430815,11691847.03,9184478.53,665638.21,228,422
5,11,Uber,52,1139228,70457,1120772,32664816.47,24865422.64,1609668.57,222,510
5,12,All,52,1628564,126173,1599284,46925032.55,35929307.2,2384786.9,253,552
5,12,Lyft,52,450241,21149,439908,12235528.15,9508341.39,696644.97,257,490
5,12,Uber,52,1178323,105024,1159376,34689504.4,26420965.81,1688141.93,251,578
5,13,All,52,1701443,162508,1675050,49793104.17,38137585.15,2457703.26,270,594
5,13,Lyft,52,459365,29831,450380,12739310.31,9815637.32,710854.72,278,533
5,13,Uber,52,1242078,132677,1224670,37053793.86,28321947.83,1746848.54,266,620
5,14,All,52,1868989,191859,1846461,55834656.7,43721163.89,2662410.39,277,609
5,14,Lyft,52,502910,38134,495279,14238300.31,11187133.88,772558.6,285,556
5,14,Uber,52,1366079,153725,1351182,41596356.39,32534030.01,1889851.79,273,633
5,15,All,52,1901708,186262,1883509,57738350.56,45205168.63,2700330.69,267,598
5,15,Lyft,52,511168,39361,505356,14600980.69,11346886.99,777383.28,276,555
5,15,Uber,52,1390540,146901,1378153,43137369.87,33858281.64,1922947.41,264,616
5,16,All,52,1991081,169911,1973704,57531306.79,45823107.05,2669030.21,256,568
5,16,Lyft,52,549064,35756,543968,14816653.51,11733100.72,775492.52,263,526
5,16,Uber,52,1442017,134155,1429736,42714653.28,34090006.33,1893537.69,253,586
5,17,All,52,2213362,200962,2196655,60709842.19,48385325.66,2750778.87,266,582
5,17,Lyft,52,619105,44063,613989,15997593.17,12593162.55,819078.22,274,543
5,17,Uber,52,1594257,156899,1582666,44712249.02,35792163.11,1931700.65,262,599
5,18,All,52,2382840,203137,2369305,62952462.72,49529437.56,2849966.71,261,568
5,18,Lyft,52,666652,44274,662467,16642176.45,12923884.46,851048.99,269,530
5,18,Uber,52,1716188,158863,1706838,46310286.27,36605553.1,1998917.72,258,584
5,19,All,52,2426019,196235,2416778,59935129.26,48262552.78,2575055.57,254,557
5,19,Lyft,52,687073,38381,684043,16328022.65,13039192.76,787884.25,258,504
5,19,Uber,52,1738946,157854,1732735,43607106.61,35223360.02,1787171.32,252,580
5,20,All,52,2248937,163572,2242300,54399361.2,43914930.53,2294005.63,240,535
5,20,Lyft,52,627662,25702,625268,14843537.93,11825031.33,712385.57,241,464
5,20,Uber,52,1621275,137870,1617032,39555823.27,32089899.2,1581620.06,239,566
5,21,All,52,2182490,156389,2176325,54482126.45,43555448.72,2378170.31,234,531
5,21,Lyft,52,622961,23502,620648,15139647.91,12032764.38,748696.82,232,448
5,21,Uber,52,1559529,132887,1555677,39342478.54,31522684.34,1629473.49,235,566
5,22,All,52,2309255,215964,2303216,60069529.71,48098878.85,2606364.32,258,586
5,22,Lyft,52,680535,39619,678535,17157520.67,13768195.33,864056.78,257,506
5,22,Uber,52,1628720,176345,1624681,42912009.04,34330683.52,1742307.54,258,620
5,23,All,52,2248742,255643,2243266,59493075.5,47105592.75,2373078.43,285,631
5,23,Lyft,52,665135,46923,663324,16776816.27,13255871.32,798951.28,280,541
5,23,Uber,52,1583607,208720,1579942,42716259.23,33849721.43,1574127.15,287,669
6,0,All,52,1946881,227210,1943109,51130591.29,40039593.86,1912135.51,286,637
6,0,Lyft,52,598547,47514,597255,14943901.04,11420210.47,652708.19,283,559
6,0,Uber,52,1348334,179696,1345854,36186690.25,28619383.39,1259427.32,287,672
6,1,All,52,1544760,147646,1541906,38416228.06,30493980.17,1324010.31,269,591
6,1,Lyft,52,488852,30632,487936,11655267.84,9160555.26,474627.44,267,523
6,1,Uber,52,1055908,117014,1053970,26760960.22,21333424.91,849382.87,270,624
6,2,All,52,1193772,121918,1189838,29780122.5,23836301.89,948750.93,279,605
6,2,Lyft,52,380682,23262,379543,9101288.61,7233810.69,343414.07,270,522
6,2,Uber,52,813090,98656,810295,20678833.89,16602491.2,605336.86,284,645
6,3,All,52,919964,109873,908606,24590737.56,19221593.49,765250.11,294,644
6,3,Lyft,52,289806,20454,286276,7496133.39,5714670.99,273055.79,279,543
6,3,Uber,52,630158,89419,622330,17094604.17,13506922.5,492194.32,302,690
6,4,All,52,770230,119955,748842,22741196.95,17241914.07,783492.22,327,723
6,4,Lyft,52,248928,25329,240907,6969936.67,5163964.05,277306.77,310,610
6,4,Uber,52,521302,94626,507935,15771260.28,12077950.02,506185.45,337,777
6,5,All,52,656904,67986,634038,19520134.14,14839999.84,807205.6,286,616
6,5,Lyft,52,203398,12720,194563,5787779.59,4408736.94,277753.52,284,531
6,5,Uber,52,453506,55266,439475,13732354.55,10431262.9,529452.08,286,657
6,6,All,52,809609,75347,787775,22611904.95,17527959.98,940378.04,276,591
6,6,Lyft,52,240603,12775,232365,6567832.33,5042618.72,317943.28,276,511
6,6,Uber,52,569006,62572,555410,16044072.62,12485341.26,622434.76,276,629
6,7,All,52,1012609,65523,992057,26062024.94,20527705.5,1124895.63,242,518
6,7,Lyft,52,294430,8262,287050,7504560.63,5863015.5,374767.25,243,438
6,7,Uber,52,718179,57261,705007,18557464.31,14664690.0,750128.38,242,556
6,8,All,52,1259026,67078,1239036,30488125.75,24166162.71,1396797.86,232,488
6,8,Lyft,52,359721,7583,352554,8634397.78,6774961.64,456037.04,233,416
6,8,Uber,52,899305,59495,886482,21853727.97,17391201.07,940760.82,232,522
6,9,All,52,1516073,80792,1497661,36004900.72,28431610.17,1789985.2,232,487
6,9,Lyft,52,426093,10307,419657,9968414.92,7792219.41,565041.01,234,424
6,9,Uber,52,1089980,70485,1078004,26036485.8,20639390.76,1224944.19,231,516
6,10,All,52,1669020,85246,1653579,39977499.28,31503207.31,2041007.21,228,479
6,10,Lyft,52,461337,11921,456147,10844049.5,8455326.58,630470.39,232,425
6,10,Uber,52,1207683,73325,1197432,29133449.78,23047880.73,1410536.82,226,504
6,11,All,52,1776894,98710,1762877,43944007.55,34759673.59,2253157.58,232,492
6,11,Lyft,52,487356,14238,482752,11743297.53,9175056.13,686749.47,237,437
6,11,Uber,52,1289538,84472,1280125,32200710.02,25584617.46,1566408.11,230,516
6,12,All,52,1845833,130625,1832406,47115600.35,37132738.66,2367528.41,244,530
6,12,Lyft,52,498869,22047,494460,12340957.38,9543604.28,716958.61,251,475
6,12,Uber,52,1346964,108578,1337946,34774642.97,27589134.38,1650569.8,241,555
6,13,All,52,1901884,147375,1889060,49244724.68,38983029.03,2408741.33,251,549
6,13,Lyft,52,508899,24550,504779,12802623.74,9877907.89,732212.82,257,488
6,13,Uber,52,1392985,122825,1384281,36442100.94,29105121.14,1676528.51,248,574
6,14,All,52,1968238,154629,1956477,51645996.11,41118315.02,2409323.48,250,551
6,14,Lyft,52,526377,24220,522527,13466647.57,10409190.12,734329.08,252,484
6,14,Uber,52,1441861,130409,1433950,38179348.54,30709124.9,1674994.4,248,579
6,15,All,52,2056136,158399,2044897,54393640.6,43656747.72,2510489.08,245,546
6,15,Lyft,52,545119,24984,541614,14015747.72,10907336.56,763956.82,249,479
6,15,Uber,52,1511017,133415,1503283,40377892.88,32749411.16,1746532.26,244,573
6,16,All,52,2130836,156488,2118379,56721901.72,45682135.17,2694874.23,244,538
6,16,Lyft,52,566333,25732,562479,14737331.75,11442777.31,819051.16,249,478
6,16,Uber,52,1564503,130756,1555900,41984569.97,34239357.86,1875823.07,242,563
6,17,All,52,2267061,186952,2253983,59890184.0,48268045.82,2839167.15,256,561
6,17,Lyft,52,632340,35285,628217,16073821.08,12741121.79,880407.63,264,507
6,17,Uber,52,1634721,151667,1625766,43816362.92,35526924.03,1958759.52,253,585
6,18,All,52,2414834,210542,2402435,62965532.41,50702566.35,2890533.35,266,572
6,18,Lyft,52,680756,38089,676745,17110137.42,13513739.66,907896.28,271,512
6,18,Uber,52,1734078,172453,1725690,45855394.99,37188826.69,1982637.07,263,600
6,19,All,52,2497945,237673,2488612,62996186.78,51274088.82,2700743.03,274,591
6,19,Lyft,52,702424,43117,699289,17203283.3,13717251.47,855783.2,276,524
6,19,Uber,52,1795521,194556,1789323,45792903.48,37556837.35,1844959.83,273,620
6,20,All,52,2411738,232877,2404990,58982279.39,48048441.69,2390374.03,264,593
6,20,Lyft,52,659446,38450,657191,15972052.53,12407955.17,758520.02,264,512
6,20,Uber,52,1752292,194427,1747799,43010226.86,35640486.52,1631854.01,264,627
6,21,All,52,2358494,209400,2352242,57806066.61,46729396.87,2362579.75,254,574
6,21,Lyft,52,659572,30849,657528,16182429.35,12546958.8,770849.05,251,483
6,21,Uber,52,1698922,178551,1694714,41623637.26,34182438.07,1591730.7,255,613
6,22,All,52,2455343,287483,2448656,63915240.8,51194587.78,2630196.81,284,639
6,22,Lyft,52,700079,50098,698116,18020655.47,14024830.63,877061.56,279,543
6,22,Uber,52,1755264,237385,1750540,45894585.33,37169757.15,1753135.25,287,680
6,23,All,52,2411988,366416,2405987,65891340.91,51864670.83,2515129.49,322,708
6,23,Lyft,52,678345,67260,676579,17761330.55,13490182.4,847843.54,310,599
6,23,Uber,52,1733643,299156,1729408,48130010.36,38374488.43,1667285.95,327,750
7,0,All,52,2160273,325158,2155958,58210021.83,45658564.41,2035031.16,316,705
7,0,Lyft,52,619422,61438,618169,16056687.78,11846622.72,691283.14,307,599
7,0,Uber,52,1540851,263720,1537789,42153334.05,33811941.69,1343748.02,321,747
7,1,All,52,1776982,206737,1769992,45052369.45,35856558.01,1467315.76,289,636
7,1,Lyft,52,540697,43719,538555,13100622.62,10156971.2,526083.17,288,564
7,1,Uber,52,1236285,163018,1231437,31951746.83,25699586.81,941232.59,289,670
7,2,All,52,1323290,163099,1318728,33585506.66,26806600.11,1019065.92,297,648
7,2,Lyft,51,411466,33943,410166,9972429.59,7806454.44,375033.72,289,567
7,2,Uber,52,911824,129156,908562,23613077.07,19000145.67,644032.2,301,685
7,3,All,52,1046266,149387,1031410,28783887.68,22231687.3,866020.7,313,693
7,3,Lyft,52,326297,29698,321376,8654115.24,6453469.62,320100.85,299,587
7,3,Uber,52,719969,119689,710034,20129772.44,15778217.68,545919.85,321,741
7,4,All,52,851217,164987,824948,26504714.69,19590535.42,874007.47,361,793
7,4,Lyft,52,271013,36244,261102,7887272.32,5594559.55,316800.54,339,666
7,4,Uber,52,580204,128743,563846,18617442.37,13995975.87,557206.93,373,847
7,5,All,52,673575,88368,646190,20877086.05,15691997.11,846130.44,311,679
7,5,Lyft,52,205005,17594,194730,5962709.74,4486029.87,287386.89,305,582
7,5,Uber,52,468570,70774,451460,14914376.31,11205967.24,558743.55,315,723
7,6,All,52,765996,97437,741286,22444856.12,17140146.68,939712.47,307,667
7,6,Lyft,52,222954,19422,213833,6231445.33,4687929.06,309759.28,304,584
7,6,Uber,52,543042,78015,527453,16213410.79,12452217.62,629953.19,308,707
7,7,All,52,921524,80086,900205,24241207.44,18821925.41,1072151.47,262,574
7,7,Lyft,52,263898,12216,256418,6758254.06,5206901.54,348586.07,261,488
7,7,Uber,52,657626,67870,643787,17482953.38,13615023.87,723565.4,262,613
7,8,All,52,1063236,61903,1044368,26646372.65,20723081.34,1306819.73,237,502
7,8,Lyft,52,299858,7647,293455,7322243.75,5707426.05,418222.81,238,426
7,8,Uber,52,763378,54256,750913,19324128.9,15015655.29,888596.92,236,535
7,9,All,52,1332889,78231,1316618,32445720.51,25112138.09,1646848.23,241,502
7,9,Lyft,52,369924,10184,364549,8743124.04,6759698.25,517479.16,242,435
7,9,Uber,52,962965,68047,952069,23702596.47,18352439.84,1129369.07,240,532
7,10,All,52,1582062,105473,1567321,38512668.48,29769981.74,1964322.82,248,521
7,10,Lyft,52,433869,14883,429029,10287915.53,7925350.87,614491.09,250,455
7,10,Uber,52,1148193,90590,1138292,28224752.95,21844630.87,1349831.73,247,551
7,11,All,52,1664807,114975,1651222,42507807.52,32724319.46,2166762.09,250,528
7,11,Lyft,52,459224,17315,454739,11270541.36,8665626.74,669213.33,254,466
7,11,Uber,52,1205583,97660,1196483,31237266.16,24058692.72,1497548.76,249,557
7,12,All,52,1698036,130728,1685278,45136074.06,34754120.28,2284846.21,259,548
7,12,Lyft,52,467708,21757,463558,11897250.95,9101755.69,711296.73,264,490
7,12,Uber,52,1230328,108971,1221720,33238823.11,25652364.59,1573549.48,256,575
7,13,All,52,1719328,158444,1707378,47077275.72,36444594.63,2306323.76,270,584
7,13,Lyft,52,465406,26557,461473,12218393.62,9280685.44,711936.22,273,514
7,13,Uber,52,1253922,131887,1245905,34858882.1,27163909.19,1594387.54,269,614
7,14,All,52,1784939,184393,1773424,50647230.39,39442009.85,2395097.46,277,610
7,14,Lyft,52,481005,30551,477306,13096678.77,9942088.22,737711.82,274,527
7,14,Uber,52,1303934,153842,1296118,37550551.62,29499921.63,1657385.64,278,642
7,15,All,52,1800303,176782,1788912,51014666.75,40042074.42,2343524.9,267,598
7,15,Lyft,52,486106,29810,482704,13249190.57,10161479.31,724924.08,267,519
7,15,Uber,52,1314197,146972,1306208,37765476.18,29880595.11,1618600.82,267,630
7,16,All,52,1790741,162683,1779679,50411178.71,39835672.99,2365458.41,260,581
7,16,Lyft,52,481456,28096,477935,13188713.47,10172335.6,737221.32,261,507
7,16,Uber,52,1309285,134587,1301744,37222465.24,29663337.39,1628237.09,260,609
7,17,All,52,1813187,177277,1802372,49837725.51,39716144.86,2333253.01,268,597
7,17,Lyft,52,503524,31903,500157,13340590.63,10496350.43,736699.11,268,521
7,17,Uber,52,1309663,145374,1302215,36497134.88,29219794.43,1596553.9,267,628
7,18,All,52,1832775,190094,1823664,48106458.31,38748598.92,2177115.42,270,610
7,18,Lyft,52,518033,34204,514996,13086798.01,10367914.04,692943.91,268,526
7,18,Uber,52,1314742,155890,1308668,35019660.3,28380684.88,1484171.51,271,645
7,19,All,52,1744297,184949,1737272,43780747.58,35632407.58,1889610.18,266,615
7,19,Lyft,52,506010,33117,503644,12357817.47,10002685.54,619702.75,261,522
7,19,Uber,52,1238287,151832,1233628,31422930.11,25629722.04,1269907.43,269,652
7,20,All,52,1665099,200860,1659867,41133887.21,33526150.64,1727207.34,270,651
7,20,Lyft,52,471159,35134,469276,11583004.87,9168955.76,571764.07,263,542
7,20,Uber,52,1193940,165726,1190591,29550882.34,24357194.88,1155443.27,273,690
7,21,All,52,1619245,217210,1614601,40084051.25,32395832.91,1625884.87,279,680
7,21,Lyft,52,463762,38460,462114,11423384.47,8939419.81,547826.93,269,561
7,21,Uber,52,1155483,178750,1152487,28660666.78,23456413.1,1078057.94,283,722
7,22,All,52,1530272,259435,1525589,38381883.77,31106002.89,1471153.05,309,754
7,22,Lyft,52,448931,49977,447300,11131088.68,8870562.15,524770.27,292,626
7,22,Uber,52,1081341,209458,1078289,27250795.09,22235440.74,946382.78,318,798
7,23,All,52,1315186,233982,1310966,32241454.72,26367759.8,1152986.62,310,771
7,23,Lyft,52,388622,48992,387111,9517547.21,7593551.3,423395.95,293,664
7,23,Uber,52,926564,184990,923855,22723907.51,18774208.5,729590.67,319,806
