month,company,days,trips,waits_over_10min,waits_measured,fares,driver_pay,tips,shared_requests,wav_requests,wav_requests_matched,airport_trips,cbd_trips,out_of_city_dropoffs,wait_p50_s,wait_p90_s,miles_p50,trip_time_p50_s
2025-09,All,30,19434641,1142595,19186473,557399985.51,428286398.3,25197402.68,492881,59209,59209,1777998,6989102,949205,242,501,3.09,1020
2025-09,Lyft,30,5387601,268583,5286904,145165989.02,112800859.88,7356486.17,1282,19315,19315,507547,1853530,256474,250,487,3.08,1012
2025-09,Uber,30,14047040,874012,13899569,412233996.49,315485538.42,17840916.51,491599,39894,39894,1270451,5135572,692731,239,507,3.09,1023
2025-10,All,31,21308701,1342938,21045155,580471813.13,460715545.75,28426568.87,479378,61208,61205,1898208,7598452,989729,241,513,3.05,1013
2025-10,Lyft,31,5838529,290555,5730638,150247158.34,122255078.86,7997177.73,1555,20330,20327,539225,2107137,277341,244,483,3.08,1022
2025-10,Uber,31,15470172,1052383,15314517,430224654.79,338460466.89,20429391.14,477823,40878,40878,1358983,5491315,712388,240,525,3.04,1009
2025-11,All,30,20818240,1221527,20561845,562940631.29,441944063.59,25773771.77,435415,57441,57441,1735831,7161368,965700,233,498,2.98,985
2025-11,Lyft,30,5909784,249780,5807958,152070096.44,122247683.08,7752466.96,1488,19930,19930,499586,2076698,284320,237,462,3.03,1001
2025-11,Uber,30,14908456,971747,14753887,410870534.85,319696380.51,18021304.81,433927,37511,37511,1236245,5084670,681380,231,514,2.95,978
2025-12,All,31,22108438,1925463,21818536,613321486.18,472900373.18,29667002.61,410550,57247,57247,1826954,7108490,1004624,259,573,2.81,960
2025-12,Lyft,31,6134710,396110,6036174,156247788.22,122739329.54,8562902.54,1582,20324,20324,501747,1985813,275603,260,524,2.72,947
2025-12,Uber,31,15973728,1529353,15782362,457073697.96,350161043.64,21104100.07,408968,36923,36923,1325207,5122677,729021,259,593,2.85,965
2026-01,All,31,20940373,1929361,20672226,537142649.11,415307778.08,24371139.53,414004,50462,50462,1552143,6585944,847744,250,585,2.69,921
2026-01,Lyft,31,5694742,383987,5600775,138725728.37,108686490.87,7244954.86,1469,17899,17899,411228,1846406,252132,246,522,2.6,913
2026-01,Uber,31,15245631,1545374,15071451,398416920.74,306621287.21,17126184.67,412535,32563,32563,1140915,4739538,595612,252,606,2.73,924
2026-02,All,28,19875686,2109794,19594989,529304771.75,408146893.24,23627766.91,385765,47515,47515,1472708,6267154,821845,274,618,2.69,949
2026-02,Lyft,28,5708725,426367,5619196,139622072.82,108860148.22,7064695.94,1744,17516,17516,391491,1732046,226147,272,549,2.46,907
2026-02,Uber,28,14166961,1683427,13975793,389682698.93,299286745.02,16563070.97,384021,29999,29999,1081217,4535108,595698,275,648,2.8,968
2026-03,All,31,22058358,2285583,21763522,608866655.0,460691923.88,27040686.85,331465,64355,64355,1715570,7034334,952116,265,612,2.8,937
2026-03,Lyft,31,6102183,369623,6004056,160869481.89,119476231.86,8031893.87,2054,22583,22583,437318,1927498,261116,255,514,2.68,922
2026-03,Uber,31,15956175,1915960,15759466,447997173.11,341215692.02,19008792.98,329411,41772,41772,1278252,5106836,691000,270,648,2.85,944
2026-04,All,30,20995953,1702754,20726966,571943249.07,438708603.5,26616268.93,419341,65246,65246,1678246,6967642,930707,242,558,2.86,956
2026-04,Lyft,30,5617095,205800,5519625,146788720.44,111288536.43,7653338.55,1938,22920,22920,389853,1772077,256908,232,449,2.82,949
2026-04,Uber,30,15378858,1496954,15207341,425154528.63,327420067.07,18962930.38,417403,42326,42326,1288393,5195565,673799,247,597,2.87,959
2026-05,All,31,22125744,2126328,21850180,634599223.45,485571684.96,29556352.48,390772,69168,69168,1880345,7257346,1018509,269,595,2.91,981
2026-05,Lyft,31,6770928,435843,6682846,182075172.27,141209525.39,9286202.31,2022,26682,26682,569767,2079876,321269,279,530,3.0,987
2026-05,Uber,31,15354816,1690485,15167334,452524051.18,344362159.57,20270150.17,388750,42486,42486,1310578,5177470,697240,264,626,2.87,977
2026-06,All,30,20775868,2471757,20514922,598336344.99,457279772.31,27675710.78,414311,67198,67198,1784603,6560586,987269,286,645,2.91,976
2026-06,Lyft,30,5518128,418282,5442464,149765758.32,112462995.35,8002907.3,2035,22388,22388,473750,1648586,264121,289,555,2.78,937
2026-06,Uber,30,15257740,2053475,15072458,448570586.67,344816776.96,19672803.48,412276,44810,44810,1310853,4912000,723148,284,680,2.96,991
2026-07,All,31,20921249,2076087,20674628,572930946.13,441003017.08,26294880.65,289450,66749,66749,1779401,6832608,977728,267,601,2.89,944
2026-07,Lyft,31,5705875,364397,5631324,149406338.9,112573520.53,7881662.03,2545,23176,23176,461056,1676573,285135,275,528,2.76,900
2026-07,Uber,31,15215374,1711690,15043304,423524607.23,328429496.55,18413218.62,286905,43573,43573,1318345,5156035,692593,264,630,2.94,961
2026-08,All,31,20493480,2068424,20259868,552485334.51,428705988.18,25163264.66,273265,67987,67987,1770208,6414533,966035,264,605,2.94,942
2026-08,Lyft,31,5693422,363971,5624671,146087678.56,110994591.56,7778982.03,2897,24377,24377,461611,1592386,277587,270,525,2.76,893
2026-08,Uber,31,14800058,1704453,14635197,406397655.95,317711396.62,17384282.63,270368,43610,43610,1308597,4822147,688448,261,636,3.02,962
